1.16-2-711/5, Akbar Bagh, Malakpet, Hyderabad
247, MIG. Hanuman Nagar, Patna (Bihar)
298, 14th, Main, Rajmahal Vilas Extn., Bangalore-80
At/P.O. - Talakunda, Via -Bisipitha, Distt. Mayurbhanj, Orissa
Bhuwaneshwar Niwas, B.P. Sinha Path, Kadam Kuan, Patna
Jhoudi Tola, Dyara Ganga Kinare, Danapur Cant, Bihar
Kamal Pushp, 44, Congress Nagar, Amravati, Maharashtra.
Maduri Gohain Gaon, P.O. Maduri, Via Nazira, Dist. Sivasagar, Assam.
No. 14/5, "Soundara Illam" Middle Street, Thiruppathur, Sivagangai District
Regidi Village, Via - Palakonda, Distt- Srikakulam, Andhra Pradesh
Shanthi Ayodha Nagar, Palghat, Kerala
V&PO Jhinjhak, Dist. Kanpur Dehat, Uttar Pradesh (ii) C-123, Asha Puram, Opp. P.S.Kalyanpur , Kanpur
V. & P.O. Meerpur, Teh. Narnaul, District Mohindergarh (Haryana)
Veterinary College, P.S. Gardanibag, Distt. Patna, Bihar.
" Govind Niwas", Bharatpur, Rajasthan.
"Aangiras" 9/10-A, Tagore Nagar, Anukul Chandra Banerjee Road, Allahabad
"ABHIMAN" , 2nd Floor, Marathon Chowk, LBS Marg,Thane (West).
"Anand" 6,Sanmitra Colony, Aurangabad, Maharashtra
"C" Block, No.2, Vallalar Street, Chennai, Tamil Nadu 
"CHambeli-ka-Mandva" 1-8-1/99, Surya Nagar, Hyderabad - 500020
"Deo Ghar," Ausa Road, Latur, Maharashtra
"Dwarkesh", 12, Hemant Kunj Society, Fatehpura, Paldi, Ahmedabad, Gujarat
"Gudi Smruthi", No.10-105/9, Sharan Nagar, Opp. N.V. School, Brahmapur, Gulbarga -
"House of Lads", Palace Road, Sandur Distt. - Bellary, Karnataka -
"Kalpa Taru" 28, Hospital Road, vidisha, Madhya Pradesh.
"Maheswary", Rail Gardens Cantonment, Kollam, Kerala.
"MEEM", Golden Leaf, Near Muslim Society, Navarang pura, Ahmedabad, Gujarat.
"Pujit" 2/5, Prakash Society, Opp. Nirmala Convent School, Raiya Road, Rajkot
"Shagun" 9th Road (North-South), JVPD Scheme, Vile Parle (West), Mumbai.
"Shri Mallikarjuna Nilaya" No. 20/1, Kanakapura Road, Basavanagudi, Bangalore,Karnataka
"SHRISHAILA" No. 870-C, V Block, Rajajinagar, Bangalore -
"spoorti" Nehru Nagar, Chitradurga, Karnataka
"Swapna", Near A.V. High School, Ponani, Malappuram District, Kerala
,Colliery Mazdur Sabha, G. T. Road, Asansol District Burdwan
1 M.G.No. 62-A Mistry Manor, Laxmibai Jagmohandas Marg, Malabar Hill, Mumbai -
1, Gomati Enclave, Opposite to D.G.P. Office,B.N. Lahiri Marg, Lucknow, Uttar Pradesh
1, Husainpura, Maunath Bhanjan, Tehsil.- Maunath Bhanjan, Distt.- Mau, Uttar Pradesh.
1, Sahyog Aptts., Mayur Vihar-I, Delhi
1. Crescent Park Street, theyagara Yanagar, Madras
1/1, Moti Tabela, Choraha, Indore, Madhya Pradesh.
1/57, Tamil Nadu Housing Unit, Race Course Road, (Thomas Park), Coimbatore
1/98, A-6, Golandaz Street, Nanpura, Surt
10, Krishnapillai Street, Tindivanam, Tamil Nadu
10, Meera Nagar, Behind St. Xavier School, Ghod-Dod Road, Surat, Gujarat -
10, Opposite Old Secretariat, Bhopal
10, Tej Bahadur Sapru Road, Civil Lines, Allahabad, Uttar Pradesh
10/10, Old Butail Building, Middle Bazar, Shimla, Himachal Pradesh
1002, Krishna Building, Jayant Palkar Marg, Worli Sagar Co-operative Housing Society, Worli, Mumbai
101, Prabhu Kunj, Pedder Road, Mumbai
101/2, Cathedral Road, Sri Nagar, Chennai.
101-102, Oceana Apartment, Keluskar Marg, Shivaji Park, Dadar, Mumbai -
103, Magravan, Raipur Patralaya Magravan, Distt. Azamgarh, UP
103, SANGAM, Peddar Road, Mumbai -
10-3-310/A/2, Humayun Nagar, Masab Tank, Mehdi Patnam, Hyderabad -
104, nEELAMBAR "B", RIZVI COMPLEX, BANDRA (WEST), MUMBAI.
105, Kukiliya Lane, Trivandrum
105/584, Chamanganj, Kanpur, Uttar pradesh
107/3, Dwarkapuri Bazar, Kanpur, U.P.
108, Manicktola Main Road, Block 1, Flat 3, Calcutta
11 Sea Wind, Captain Prakash Pethe Marg, Cuffe Parade, Mumbai
11, Ansari Street Ramanager, Coimbatore, tamil nadu
11, Sathiyamoorthy Street, Sivaganga, Tamil Nadu.
11, Shaheen Bagh, Gulshan Nagar, By-pass, Srinagar -
11/A, Haji Musa, Patarwalea Terrace, Club Back Road, Byculla,Mumbai
1-10/217, Ashok Nagar, Hyderbad
110-B, Keshavji Naik Road, Bombay
112/1 SANTOSHPUR AVENUE, FIRST FLOOR, SANTOSHPUR, KOKLATA - 700075
113/223, Swaroop Nagar, Kanpur
1-144, Omerkhan Diara, (Sanghi Nagar), Hayathnagar Mandal, R.R. District, Andhra Pradesh
115, Madathur, Gunaramanallur Post, Kizha Puliyur via Tenkasi Taluk, Nallaqi Kattabomman Dist. Tamil Nadu
116, Hindu Colony, Dadar, Bombay
1-1-60/2, M.B. Bhavan, R.T.C. Cross Roads, Musheerabad, Hyderabad (Andhra Pradesh)
118/307, Kanshalpuri, Kanpur
1196, Karodani Pole, Panch Patti, Kalupur, Ahmedabad
119A, Muktaramk Babu Street, Kolkata
11-A, kidwaipuri, Patna
11-A, Mehrina, Napean Sea Road, Mumbai
11-B, Eldams Road, Teynam Pet, Madras
11-BABIBULLAH ESTATE, HAZRAT GANJ, LUCKNOW, UTTAR PRADESH
11-Jolly, Maker Apartment-III, 119-Cuffe Parade, Mumbai
12, Ashok Society, Surendra Nagar, Gujarat
12, Maganlal Sadan, Swami Vivekanand Road, Panjim (Goa)
12,Avaiyambalpuram, Mayiladuturai
12/8, Kacholia Bhawan, Subhash Marg, Indore, Madhya Pradesh.
1201, Vainganga, Sir Pochkhanwala Road, Worlisagar Co-op. Housing Society, Worli, Mumbai
123/1, PEDARIAR KOIL STREET, GEORGE TOWN, CHENNAI, TAMIL NADU
1245, Bazar Khazanchian, Hissar
129, Ansari Road, Muzaffarnagar
129, Migh Kankar Bagh Colony, Patna
13 A, Mall Avenue, Lucknow, Uttar Pradesh.
13, A.P. Sen Road, Lucknow
13, Dr. U.N. Brahmahari Street, Top Floor, Flat No.10, Kolkata
13, Madhab Lane, Calcutta
13/36, W.E.A., Arya Samaj Road, Karol Bagh, New Delhi
130-Chandralok Colony, Aliganj, Lucknow
131, New Jawahar Nagar, Jalandhar, Punjab
132, Ansari Road, Muzafarnagar, Uttar Pradesh
135, Ga Tiloi, Tehsil, Maharajganj, Rai Bareli, UP
135, Moh. Bhawaniram, Distt.-Jalaun, U.P.
136, Anna Nagar, Bhavani P.O., Erode District, Tamil Nadu.
13-A, Mall Avenue, Lucknow.
14, Chandra Sekhar Azad Awas-Vikas Colony, Unnao, U.P.
14, Girish Chandra Bose Road, Kolkata
14/1/B, Srinath Das Lane, Calcutta, West Bengal
14/1D, Kabitirtha Sarani, P.O. Khidirpore, PS Watganj, Calcutta
14/5, Mohinath Porel Lane, Salkia, Howrah, West Bengal.
142/144, South Malaka, Allahabad
145, Deo Puram,Muzaffarnagar, Uttar Pradesh.
146, Ayara Luhya (West), P.O. Basrehar, District Etawah, Uttar Pradesh
1486, Sadashiv Peth, Poona
14-K, Road, Jamshedpur(Bihar)
14th Lane, Arundelpet, Guntur, Andhra Pradesh
15, Harvey Nagar, Madurai
15, Second Street, Gopalapuram, Madras
15, Vivekanand Road, Yadavgiri, Mysore, Karnataka
15/1, Sadashiv Peth, Tilak Road, Pune-2
15/17, New Katra, Extn. Dilkusha, Allahabad, Uttar Pradesh
1501, Purna Worli, Sagar Co-operative Housing Society, Pochkhanwala Marg, Worli, Mumbai
154, Mohalla Pakki Dhakki, Jammu
157, Ganganagar, Rishikesh, Dist. Dehradun, Uttarakhand
158, Laxmi Colony, Balmiki Basti, Sanganer, Jaipur
159, Gold Links, New Delhi
159/A, MLA's Colony, Road No.12, Banjara Hills, Hyderabad
16, Boag Road, T. nagar, Madras
16, Kitab Bhawan Lane, Boring Road, Patna, Bihar
16/71, Civil Lines, Kanpur (UP).
16/78, Civil Lines, Kanpur, UP
16-9-683/E/2/8, Old Malakpet, Hyderabad, Andhra Pradesh
17 Sonal Society, B/h Market Yard, Mehsansa, Gujarat
17, Ramanattan, Chetteir Street, New Avadi Road, Madras
17, Ramanujam Street, Thiyagaraya Nagar, Chennai, Tamil Nadu
17, Satyanagar, Bhubaneswar, Dist. Khurda - Orissa
17,Jai Hind Society, 12th Road, J.V.P.D. Scheme, Mumbai -
1-7-3, Singer Bagh, Bidar.
1746/4, B-1, Sriranga, Northern Extension, Hassan.
17-B, Taylors Road, Kilpank, Madras, Tamil Nadu
18, Bimal Singha Road, P.O. Berhampore, Distt. Murshidabad, West Bengal
18, Garcha, Ist Lane, Calcutta
18, II Main, Acharya Tulsi Marg, Gandhi Nagar, Bangalore
18, SASTRY STREET, URUMANDAM PALAYALAM, G.N. MILLS POST, COIMBATORE, TAMIL NADU
18/345, Purnanadampet, Vijayawada
18/7, Ashok Marg, Lucknow
1813, Sadashiv Peth, Poona
182, B.C. Bazar, Ambala Cantt. Haryana
1852, Krishna Nagar, Bhavnagar
186, A.P. Colony, Gaya, Bihar
186, Alamarathu Street, Cumbum, Theni District, Tamil Nadu
187, K.H.B. Colony, Visveswaranagar, Hubir
187, Vijay Nagar, Bhiwani, Hafryana
1-8-97, Kailashnagar, Nanded, Maharashtra.
19, Ashok Nagar, Jai-Jui, Vijapur Road, Solapur, Maharashtra
19, Mahadaparda, Raigarh, Madhya Pradesh
19, Ravindra Garden, Aliganj, Lucknow, Uttar Pradesh
19, Vellala Stgreet, Purasaiwalkam, Madras
19, Yayapuram, Ti ndivanam, Tamil Nadu
19/3, Palace Lower Orchards, Bangalore
191-R, Model Town, Sonepat, District Rohtakl
1A, Tuxado, 1, Sreeman Sreenivasa Road, Alwarpet, Chennai -
1-B, MLA's Qrs., Hydrabad
1C/14, Bokaro Steel City, Bihar
2, Chandra Darshan Flats, Near Dinesh Hall, Navramgpwra, Ahmedabad, Gujarat
2, Moti Lal, Nehru Place, New Delhi
2, Parkas Rload, P.O. & T.O. Burdwan, P.S. Burdwan Sadar, Distt Burdwan
2, Rajappa Nagar, Thanjavur
20, Thiiali Nagar, 9th Street, Tiruchirapalli
20/1064, Co-operative Colony, Kadapa, Andhra Pradesh
20/19, Naidu Buildings, Chittoor, Andhra Pradesh
200, Santoshpur Avenue, Kolkata
202, Mandi Naseeb Khan, Tehsil-Sadar, Jaunpur, Uttar Pradesh
202-Kh, Sector-19, Gandhinagar, Gujarat
205, A BLOCK, ADMIRALTY AVENUE, 13th CROSS, APPA REDDY PATYA, INDIRANAGAR IInd STAGE, BANGALORE
21, Rathna Nagar, Teynampet, Chennai -
2101, Matoshri's Pearl, S. Keer Marg, Mahim, Mumbai -
212, Tikekar Road, Dhantoli, Nagpur
2137, Nr. Swami Math, Gogol, Margao, Goa
22 A, Linton Street, Kolkata -
22, North Car Street, Dindigul.
220, Civil lines, Bulandshahar, U.P.
227, bajaj Nagar, Nagpur, Maharashtra
23, Mahatma Gandhi Marg, Allahabad
23, Rajani Sen Road, Kolkata
23, Suffren Street, Pondicherry
23, Tughlak Road, New Delhi
230-L, Model Town, Jullundur City,PUNJAB,
238. Kotwali Ward, Jabalpur, M.P.
24, Fatik Chandra Road, Uzan Bazar, Guwahati,
24, II Main Road, Gandhi Nagar, Madras
240, LIG Colony, K.K. Nagar, Madurai
247, M.I.G., Lohianagar, Patna
25, "Shantidham", Gurunanak Nagar, Bhavani Peth, Pune
25, Halderpara Road, Calcutta
25, MLAs Flats, Chandigarh
25, PARK MANSION, 57-A, PARK STREET, KOLKATA
25, Saradha College Road, Salem
25/1, Ballygunge, Circular Road, Calcutta, W.B.
25/36, Sewa Kutir, Near Man Durga, Palace Cinema, Samata Nagar, Chhibramau, Distt. knnauj, Uttar Pradesh
253/F2, VASANTHAM, K.P. RAOD, NAGARCOIL, TAMIL NADU.
255, Muthiganj, Allahabad
256, Sector 9C, Chandigarh
26 - Cantonment Road, Cuttack
26 F/2, Ganesh Chandra Avenue, Kolkata -
26, Laxman Puri, Lucknow
26/2, Sankey Road, Bangalore
265, Mohallaganj, Kashipur, Uttaranchal
266, Phase-I, Vallalar, Sathuvachari, Vellore, Tamil Nadu
269, Eldeco Greens, Gomti Nagar, Distt. - Lucknow
27/2, Shiv Society, Near B.K. Cinema, Mahesana, Gujarat -
28, Adarsh Society, Navrangpura, Ahmedabad
28, Hampton Court, Wodehouse Road, Colaba, Mumbai.
28, LIC colony, Christian Ganj, Ajmer
28, Madhava Nagar, Bangalore
28, Theradi Street, Triplecane, Madras
28, United India Colony, Ist Cross Street, Madras
28, Venkatesapuram, Pevambalm, Tamil Nadu
282, New bairana, Allahabad
285-22, Ramanuja Rd., Mysore-04, Karnataka
286, Shanti Niketan, Vasundhara Apartments, Near Patliputra Colony, Patna.
29-A, Carmichael Road, Bombay
2-D, Pallonji Mansion, 43, Cuffe Parade, Colaba, Mumbai
2F, Camac Street, Calcutta
3, King George Avenue, Patna
3, Krishna Menon Marg, New Delhi
3, Mattadahalli Extension, R. T. Nagar, Bangalore
3, Shivanandan Bhawan, Boring Road, Patna -
3, Soneri Bagh Road, New Delhi
3, Sonwar bagh, Srinagar
3/252, Vinajy Khand, (Opp. Gomti Nagar Railway Station), Gomti Nagar, Lucknow
3/34, Malviya Nagar, Jaipur, Rajasthan
3/82, Therekalputhoor, P.O. Thiruppathisaram, Via - Thazakudi Nagercoil, Dist.: Kanyakumari, Tamil Nadu
30, Bhaktavatsalam Salai, Mylapore, Chennai -
301, Deccan Chambers, 136, Jagannath Shanker Sheth Marg, Mumbai
301, Virat Apartment, Diwali Bagh, Athava Lines, Surat (Gujarat)
302, Rajendra Marg, Shikohabad, District Firozabad, Uttar Pradesh.
308, Dara Villa, A.B.Nair Road, Juhu, Mumbai
31, Allimuddin Street, Kolkata
311, Borbari, Upper Hengrabari, Nandangiri Path, Guwahati, Assam
319, Kharvel Nagar, Unit-3, Bhubaneswar, Orissa.
31-A, Badar Bagh, Aligarh, U.P.
32, Karupannan Street, Sandhaipettai Puthur, Namakkal, Salem Distt.
32/14, Ramachandran Pet Ext., Salem road, Vridhachalam, Tamil Nadu
3211, Annanagar, Madras
32-13, Parvatipuram, Vizianagaram District
32-33, Tas enclave, AK Block, Anna Nagar, West Chennai, Tamil Nadu
32-A, Opp. Syndicate Bank, Bellary.
33, Alimuddin Street, Calcutta
33, Hanuman Road, New Delhi
33/4 Thyagaraja Layout, PO: Maruthi seva Nagar, Bangalore
33/70, G. S. North Street, Mannargudi, Thiruvarur District, Tamil Nadu
33-A, Township Dandeli, Dandeli Post, Uttara, Kannada District, Karnataka
33-HDD, Chhattisgarh Grih Nirman Mandal, Puraina, Post - Krishak Nagar, Raipur, Chhattisgarh -
34, 9th Floor, Asha Co-operative Housing Society, Malawni, Malad(W), Mumbai, Maharashtra -
34/3, C/o Shri Alam Chand Sindhi, Tele Ki Bajariya, Naya Bajar Lashkar, Gwalior
34/A, Muthuramalingam Street, Rajaji Colony, Saligramam, Chennai
35, Julahaka Mohalla, Jammu, J&K State
35, Krishna Street (Ghosi Gali), Dehradun, Uttarakhand.
35, St. Pauls Road, P.O. Durgapur (West Bengal)
35, Swami Gunatitnagar Society, Memnagar, Ahmedabad
352, Girgaon, Jagannath Sunker Selh Road, Bombay
3538, Patel Nagar, Orai, Distt.- Jalaun, Uttar Pradesh
35A, Phaphaman Bazar, Allahabad
35-B, Nehru Colony (Netaji Subhash Chandra Bose Road), Calcutta
36, Dadabadi, Behind Alka Cinema, Sikar Road, Jaipur
36, Defence Colony, Jalandhar.
36, Warren Road, Mylapore, Chennai
3-6-547/6, Himayatnagar, Hyderabad, A.P.
36-A, Sector 26, Noida, District Ghaziabad, U.P.
37, Ripon Street, Calcutta, West Bengal
38, Padmapukur Road, Shivangi Building, Flat 4N, Kolkata
381, XIII Cross, Sadashivnagar, Bangalore
385, Civil Lines, Jaipur, Rajasthan
39, Ramananda Chatterjee Street, Calcutta
3B, Kalyani, Unit-8, (Near Governor House), Bhubaneswar, Orissa.
3rd Mile, Opp. A.R.T.C., Dimapur, Nagaland
3-W, Ramalayam Building, Dr. Gopalrao Deshmukh Road, Mumbai -
4, Ashok Road, Allahabad
4, Kalidas Marg, Lucknow, Uttar Pradesh.
4, Museum Road, Jaipur
4, Safdurjung lane, New Delhi
4, Sardar Jung Garden Street, Madras
4/16, Raj Nagar, Ghaziabad, Uttar Pradesh
4/58,Kamal Mansion,4th Floor, Hazi N.A. Azmi Marg, Kolaba, Mumbai.
4/88, Mosque Street, Gudur
40, Gupkar Road, Srinagar, Jammu and Kashmir
40, Vijay Nagar, Bhiwani.
405, Ma Vindhya Washini Apartments, Shekhpura Mor, Patna, Bihar.
406, 9th Cross, 2nd Block, R.T. Nagar, Bangalore
406, Mirambhika Apartment, Behind Quality Corner, Boring Road Chowk, Patna
406A 2nd Cross, 3rd Block, Koramangala, Bangalore
407, R. T. Nagar, 9th Cross, II Block, Bangalore.
41, T.G. Agartala (Tripura)
4-1-10, Raja Veedhi, Gadwal, Mahaboob Nagar, District
4-1-569, Troop Bazar, Hyderabad.
4-17, New Found Land Colony, Street No.7, Habshiguda, Hyderabad
417-B, Ashok Nagar, Road No. 5B, Ranchi
42/18, Block No.5, Govind Nagar, Kanpur, U.P.
4-216, Sannidhi street, Srikalahastic, District Chittoor, Andhra Pradesh
4-3-338, Bank Street, Hyderabad
44, MIG, New Shahganj, Agra,Uttar Pradesh.
444/3 New Colony, Inammaniyachi, Kovilpatti , thoothukudi Distt. tamil Nadu
45, Surdhara, Bungalow, Manilakshmi Co-operative Housing Society, Thaltej, Tal Daskroi, District Ahmedabad
46 (New 166), Greenways Road, Raja Annamalaipuram, Chennai
46/2, Zer Qila, Ghazipur, U.P.
47, Phatik Ch. Road, Uzan Bazar, Guwahati
47, Warren Road, Mylapore, Chennai, Tamilnadu -
48, Mahim Haldar Street, Calcutta, West Bengal
48, Pataliputra Colony, Patna
48, Thulasinga Naicken Street, Pudupet, Chennai
48, Usha Kiran, Dahanukar Marg, Mumbai.
49, Bhattacharya Para Lane, P.O. Berhampore Distt. Murshidabad
497-D, Roop Raj, Sardar Vallabhbhai Patel Road, Mumbai-4
4-A, halls Road, Kilapank, Madras
4-II, Crescent Park Road, Gandhi Nagar Adyan, Madras
5, Annamalai Nagar, Main Road, Tiruchirappalli -
5, Bazigran Street, Moradabad, Uttar Pradesh
5, Dupleix Road, New Delhi
5, Fourth Street, Venkateshwara Nagar, Adayar, Chennai.
5, Janpath, New Delhi
5, Rantland Gali, 5th Street Cathedral Port, Madras
5, Satyanagar, Bhubaneshwar, Distt Puri
5, Sourin Roy Road, Behala, Calcutta
5, Tolstoy Marg, New Delhi
5/15, Milton Steet, Cox Town, Bangalore
5/18, Sector-2, Pasanda (Rajendra nagar) Ghaziabad Tehsil, Distt. Ghaziabad
5/4 Vishal Khand, Gomti Nagar, Lucknow, Uttar Pradesh.
50, Ramtanu Bose Lane, KOLKATA
50/1, Sarat Chosh Garden Road, Ground Floor, Calcutta
50/57, Thulasingam Street, Pudupet, Chennai
51, Gariahat Road, Kolkata.
51, Rabindra Pally, Jyangra, Calcutta
51, Sultivangarden Street, Mylapore, Madras
517, Rajmahal Vilas Extension, Sadashivnagar, Bangalore
51-A, Sector 15 A, NOIDA, Ghaziabad, Uttar Pradesh
52, 1st Main Adarsh Nagar, Hubli, Karnataka.
52/3, Ballygunge Circular road, Kolkata -
52/3, Pramathesh Barua Sarani, Kolkata.
5245, Ballimaran, Delhi
527, Urdu Galli, Troop Bazar, Hyderabad.
529(A), Hargobindpura Basti, Sangrur
53, Ghatak Road, P.O. Kancharapara, Kolkata, West Bengal
53-A, Bahadurpur, Hoshiarpur, Punjab
53-A, Bahadurpur, Hoshiarpur, Punjab.
54, Portugese Church Road, Madras
543, Ward No. 18, Ravi Dass Nagar, Rohtak
55 Purana Quila, Babu Banarasi Das Nagar, Lucknow -
55, Villacheri Road, Pasumalai, Madurai-4, Tamil Nadu
55/5, Purna Das Road, Calcutta
554, Rasoolpur, Barabanki, Uttar Pradesh
5-5-475, Mikramjahi Road, Hyderabad
57, Congress Nagar, Amravati
57, Prem Puri, Muzaffer Nagar, U.P.
5-9-1110/1, Gunfoundary, Hyderabad, Andhra Pradesh
598 PALM AVENUE, KOLKATA, WEST BENGAL
59-L, 59-L, Model Town, Jalandhar City
5B, Bhoi Nagar, Bhubaneshwar, Orissa.
5B/1, Beli Gaon, Allahabad
5K, Cornwell Road, Langford Gardens, Bangalore
6 A, Rishikesh Apartments, Timbaliavad Nanpura, Surat, Gujrat
6, Bishanbhar Das Marg, New Delh
6, Tapas Bunglow's, Chimanbhai Institute Road, Near Setu Buglow's, Pralhad Nagar, Sector-2, Vejalpur, Ahmedabad -
6, Thandavarayan Street, Royapattah, Madras
6/4, Shastri Nagar, Amaravati Camp, Maharashtra
6/997, Chakrauta Road, Near Bajoria College, Post& Kasba-Saharanpur, District-Saharanpur, Uttar Pradesh.
6/B, Ligh, Barkatpura, Hyderabad -
602, Worli Sagar Co-operative Housing Society, Purna Building, Worli, Mumbai-30.
61, Lodi Estate, New Delhi
612, Patiala House, Kalka, Dist. Panchkula, Haryana
62, Jail Road, Indore
6-2, Queen's Park, Calcutta
63, Gher Meer Baz Khan, Mar Ghen Hasan Khan, Rampur City, Dist. Rampur
63, Old MLA Hostel Complex, CCM's Residence, Dispur, Guwahati
630- Garhi Malook, Noor Basti, Saharanpur, Uttar Pradesh
64, Sondhi Tola, Lucknow, U.P.
65, Diamond Harbour Road, Calcutta, West Bengal
652 - Model Town, Hoshiarpur, Punjab
66, H.I.G. Ratan Lal Nagar, Kanpur (Uttar Pradesh)
669, Anand Bhawan, Ghantaghar, Kota, Rajasthan
66-Shastri Nagar, Lucknow, Uttar Pradesh.
68, Tholasinga Perumal Koil Street, Triplicane, Madras
68-69 A, Shah Kunj, Highway NH-2, Mathura, Uttar Pradesh
69, Ward No. 13, Mahilpur, Tehsil-Garahshankar, Distt.- Hoshiyarpur, Punjab
697, Nagar Chakla, Bhuj (Kutch)
6A, SUNITA B.G.KHER MARG, MUMBAI
6-B, Sonali Apartment, 8/2-A, Alipore Park Road, Kolkata
6B/6 sirifort Institutional Area, August Kranti Marg, New Delhi
7, Bhagwaghar Layout, North Ambazari Road, Dharampeth, Nagpur.
7, Mahatma Gandhi Marg, Mandleshwar, Tehsil Maheshwar, Distt. - West Khargone, Nimar
7, Race Course Road, New Delhi
7, Tilak Marg, Dali Bagh, Lucknow, UP
7, Uttaradhinath Road, 8 Shankarpuram, Bangalore, Karnataka
7, Vidhan Sabha Marg, Lucknow, U.P.
7/47, Tilak Nagar, Kanpur, U.P.
7/51, Tilak Nagar, Kanpur, Uttar Pradesh -
7/51, Tilak Nagar, Kanpur.
70, Sector-13, Kurukshetra, Haryana.
702, Sagar Samrat, Greenfields, Juhu, Mumbai
705, A.K. Bhawan, Old M.L.A. Quarters, Hyderabad
71/2, Contractor Bldg., Part A, Hughes Road, Bombay
72,III CROSS STREET, VENKATA NAGAR, PONDICHERRY - 605011
72-73, Bazar Street, Chidambaram, South Arcot Distt.
73/31, Kallivalasu, Selampalayam Village, Dharapuram Taluk, Tirupur District.
75, Amber, Scheme No.6, Road No. 25, Sion West, Mumbai
76-D, MALCHA MARG, DIPLOMATIC ENCLAVE, NEW DELHI
77, Dharamtalla Street, Calcutta
8, Maracoir Libbai St. Madras
8, OM Shubham Bunglows, Behind Ashoka Hotel, Nagalpur Highway, Mehsana, Gujarat.
8/1, Club Road, Hubli
8/17, R Block, Patna
8/240, Chettikulam, P.O. Radhapuram, Taluk Tirunelveli, Distt. Kattabomman, Tamil Nadu,
801, Purna, Pochkhanawala Road, Worli Sagar Co-operative Housing Society, Worli, Mumbai
801-C, Ramkrishan Apartments, Sector-23, Plot-12, Phase-I, Dwarka, New Delhi - 110075
81, PRIYA NATH BABUS ROAD, DEBIBARI, PO& DISTT. COOCH BEHARI, WEST BENGAL
81, Rahate Colony, Wardha Road, Nagpur, Maharashtra
82, Spring Hills, P.O. Chandmary, Tura, West Garo Hills, Meghalaya.
82/1, Ram Nagar, Kumarasamypatty Post, Salem-636007, Tamil Nadu
8-2-350/350/API/302, Banjara Hills, Hyderabad, Andhra Pradesh.
8-2-703/A/6/C, Road No. 12, Banjara Hills, Hyderabad (Andhra Pradesh)
85, Oothumalai, Bungalow Coutrallam Thenkasi Taluk, Tirunelveli, Distt. Kattabomman
85, SFS Flats, Gulmohar Enclave, New Delhi -
88, Canal Road, Ramdaspeth, Nagpur, Maharashtra.
89, AC-IInd Street, Anna Nagar, Chennai
89, Baghambari marg, Mohiley Nagar, Allahabad
8-A, Vivek Vihar, 13/3 (Ballygunge Circular Road), Kolkata
8-B, Chakraberia Road (South), Ground Floor,Kolkata , West Bengal
9, Dilkhusa Street (Ground Floor) Calcutta
901, Carnation, Dosti Complex, Wadala (East), Mumbai
91-I, Koliwadi, Kanaswadi, Bombay
952, Gubbi,5th Phase,5th Stage, 6th Cross, BEML Layout, Rajarajeshwari Nagar,Bengaluru, Karnataka
97, V.R.M. Street, Vijayapuram, Distt. - Thiruvarur, Tamil Nadu -
970, Kucherry Road, Rai Bareilly
98/83, Gandhi Nagar II Street, Sankarankoil, Tirunelveli District, Tamil Nadu.
9-G, Singara Garden, Ramanathapuram
A & P. Sundargarh Distt. Orissa
A 70, Mount Kailash, East of Kailash, New Delhi
A.N. Guha Lane, At/PO Sambalpur, Distt. Sambalpur
A/10/161, Hyderaguda, Hyderabad (Deccan)
A/111, Sahid Nagar, Bhubaneswar
A1, LLoyds Road, Royapettah, Madras
A-11, Sarvodaya Nagar, Kanpur
A-11, Vinayak Heights, Uppar Govind Nagar, Malad (East), Mumbai
A-137, Krishna Marg, Shyam Nagar, Jaipur, Rajasthan
A-17, Himmatlal Park, Near Azad Society, Ambawadi, Ahmedabad.
A-2/11 Azad Apartment, Shri Arvindo Marg, Hauz Khas, New Delhi
A-20/7, Srabani Abasan, FC - Block, Sector-III, Bidhan Nagar, Salt Lake, Calcutta.
A-204, Indraprashth villa, Sector-16, Noida, U.P>
A3, Lloyds Colony, Avvai Shanmugam Road, Royapettah, Chennai -
A-303, CASA ANSAL, 18 BANERGHATA ROAD, BANGALORE
A-55, Sector-17, NOIDA (UP) -
A-6/16, Royal Apartment, New Hotel Holiday Inn, Ahmedabad
AA/10/7, Desh Bandhu Nagar, Calcutta
ABP Pvt. Ltd, Gandhi Mansion, 4th Floor, 20, Altamount Road, Mumbai
Abu Sarai, Sahadatganj, Civil Lines, Faizabad, Uttar Pradesh
Abupura Street, Muzaffarnagar, U.P.
Advocate, 7 Domhar Layout, Bangalore
Advocate, Amalapuram, East Godavari Distt.
Advocate, Chaudhuri Bazar, Cuttack
Advocate, Ernakulam, Cochin
Advocate, Mohalla Qazi Bagh, Anantnagh, Kashmir
Advocate, Sea View, Thayalangadi, Kasargode, KERALA
Advocate, Sonepat, Haryana
Agriculturist, Tumkur, Mysore
Ahakthing Veng., Post Office Aijal, District Mizoram
Akuloto, Distt. Zunheboto, Nagaland
Aladipatti, Nallur Post, Tirunelveli District.
Alampadam House, Down Hill, P.O. Malapurram, Kerala
Alasi Plot, Akola, Maharashtra
Alisa Bazar, Cuttack-2, (Orissa)
Alur, Chamarajanagar Taluk, Mysore District
Ambadi, Yamuna Nagar, Karakulam P.O., Thiruvananthapuram, Kerala
Ambedkar Nagar, Tirwa, Dist. Farukhabad (UP)
Ampalli Post, Bargur (Via) Krishnagiri Taluk,Dharmapuri District, Tamil Nadu.
Anantapur (Madras)
Anchor PO Krishnagiri Taluk, Dharampuri, Distt.
Andimadam, Ariyalur District, Old Perambalur, Tamil Nadu
Angarmala, Vill. Ambethan, Taluka Khed, Distt.- Pune, Maharashtra
Annai Illam, Peraiyur (RMN), POL Kamudi Taluk Distt.: Ramnad, Tamil Nadu.
Anoop Bhavan, Madhav Nagar, Ujjain
Anoop Sahar Road, Neeli Chhatri, Aligarh
Arngolanu, Gannavaram Taluk Krishna Distt.
Arya Nagar, Murar, Gwalior
Asharam Keshan Road, Castairs Town, B-Deoghar, Jharkhand -
Ashoka Buddha Vihar Kendra, Jagdev Path, Siddarth Nagar, Baily Road, Patna
Asraya, Jeevan Phukan Nagar, Dibrugarh, Assam
At & P.O. Gurandi Distt. Ganjam
At & P.P. Gopalpur, Distt. Cuttack - II, Orissa
AT and Post Kawthe-piran, Taluka - Miraj, District - Sangh
At Begana, P.O.- Dhaneswar via Korai,Distt.- Jajpur (Orissa)
At Garasanga, P.O. Garasanga, Via: Ada, Distt. Balasore, Orissa
At P.O. Rairangpur, distt. Mayurbhanj, Orissa
At PO Tigiria, Distt. Cuttack, Orissa
At Post Vasan Tal, Distt. Gandhinagar
At Post Vayfana B.K. Tal Hadgaon, District Nanded
At. & Post, Bodvank, Ta: Chikhali, Distt.- Navsari -
At. Taliamba, P.o. Jharigam, Distt. Nowarangpur, Orissa
At./P.O. - Bhotaka, Via-Kabirpur, Dist. – Jajpur, Odisha.
AT/P.O. Bhawanipatna, District Kalahandi, Orissa
At/PO Kopargaon, Distt. Ahmednagar
At/PO Rungaon, P.S. Bargaon, Distt, Sundargarh, Orissa,
At/PO-Adampur, Distt.- Bhadrak, Orissa
At; Kholapa, P.O. Dimbirimunda, District Keonjhar, Orissa
At-Badali Tal Navasari, Distt. Valsad, Gujarat
Athikattu Villai, Manikatti Pottal Post, District Kanniyakumari
Atilagaon, Post Office Jorhat, Assam
At-Makundapur, PO/Dist-Jagatsinghpur, Odisha
At-Nuapatna, P.O.-Banguari, Via-Fulnakhara, Distt.- Khurda, Odisha.
At-Ranpur garh, Samuka Sahi, PO-Raj Ranpur, Dist.-Nayagarh, Odisha.
Aul Palace, At/P.O.-Dolmundai, PO: tala telanga Bazar, PS: Madhupatna, Cuttack,Orissa
Avantika, Gajraula, Dist. Jyotiba Phule Nagar, Uttar Pradesh
B.XIX, 534/11, Atam Marg, Civil Lines, Ludhiana, Punjab
B-1 DEEWANSHREE APARTMENTS, 30, FEROZSHAH ROAD, NEW DELHI
B-1 Khemani Chambers, Shahpur, Ahmedabad
B-1, Secretariat Qtrs. Mahanagar, Lucknow
B-125, Sarvodaya Enclave, New Delhi
B-14/323, Sector-33,34, Noida, Gautam Budha Nagar, Uttar Pradesh.
B-15, New Rajender Nagar, New Delhi - 110060
B-176, Akriti Garden, Kotra, Nehru Nagar, Bhopal, Madhya Pradesh.
B-18, Swami Dayanand Nagar, 74 Bungalows, Bhopal
B-2, Geeta Apartment, Near Hirabaug Rly. Crossing, Ambavadi, Ellisbridge, Ahmedabad.
B-21, CIT Building, Singhee Bagan, Kolkata.
B-2-674/2/B/4/29, Banjara Hills, Hyderabad
B-30, Swami Dayanand Nagar Bhopal
B-61, Duplex, Sanjay Nagar, Sector-23, Ghaziabad (U.P.)
B-61, Paschimi Marg, Vasant Vihar, New Delhi.
B-63, Harmu Housing Colony, Ranchi, Jharkhand
B-7/8, Bageshri, Shankar Ghanekar Marg,Prabhadevi, Mumbai.
B-87 A-12, Ravindra Puri Extension, Varanasi-5
B-9/45 Mohalla Feel Khana, Varanasi UP
Badshah Chowk, Maismana, Srinagar, Kashmir
BAGHADA ROAD, BARIPADA, DISTT: MAYURBHANJ, ORISSA.
Bahadur Bagicha Para, PO - Bhawanipatna, Dist.- Kalahandi, , Odisha.
Bajaj Auto Ltd. , Akurdi, Pune
Bala Qadar Road, Lucknow
Balasore, PO Balasore, Distt. Balasore
Balayatrie Estate, Kedkal, Somwarpet, Coorg.
Ballia
Bandhpara, Pakur road, Dumka, Jharkhand Bheran, Jharkhand
Banghpara Tea Estate, P.O. Dibrugarh, Assam
BANK ROAD, VINDBASANI NAGAR, MAIN BAZAR (NORTH), GORAKHPUR, UP.
Banka Bazar, Cuttack-2, Orissa.
Barzalla, Srinagar
Basanta Chakraborty, Mimoh Cottege, Madh Marve Road, Erangel Bhati Village, Madh Island, Mumbai, Vesava Maharashtra
BASHI MANZIL RAJ BAGH, SRINAGAR, JAMMU AND KASHMIR
Bathandi, Jammu-Tawi, J&K.
Behari Niwas, Kanpur
Bekapur, Monghyr Ikasitola, P.O. Bariarpur, Distt. Monghyr
Bethuadahari Hospitalpara, P.O. Bethuadahari, Distt. Nadia,West Bengal
Betia Hata, Gorakhpur
Bezwada, Buchireddypalem, Nellore District
Bhabanipatna, Municipality, Ward No. 5, Statuepada, P.O. Bhabanipatna, District Kalahandi
Bharalumukh, Gauhati, Assam
Bharat Smruti, Bhim Ganj, Mandi, Kota, Rajasthan
Bharatiya Communist Party, Ajay Bhawan, Langaer Toli, Patna
Bhartiya Jan Sangh Pradeshik Karyalaya Somwara, Bhopal
Bhawanipatna, Post Office Kalahandi, Orissa
Bhilwara House, D-60, Swai Jai Singh Road, Madho Singh Circle, Bani Park, Jaipur.
Bhimavaram, West Godavari District
Bismillah Manzil, 8-2-693/3/334/1, Mithila Nagar Colony, Road No 12, Banjara Hills, Hyderabad, Andhra Pradesh
Blitz Publications Pvt. Ltd, 17/17-H, Cawasji Patel Street, Mumbai
Block -EB, Labony Housing Estate, H.No.-8, Block B-4, Kolkata
Block No. A, Room No. 7, 15, Bechulal Road, Calcutta
Block-T, Flat No. 4, Maniktolla Govt. Housing Estate,VIP Road, Kolkata -
Bode House, Ormiston Road, Bombay
Bojoghari (Near by Army Camp), P.O. Raj Bhawan, Gangtok, East-Sikkim, Sikkim.
Brahmasthan, Azamgarh, UP.
Bramhanagar, 3rd Lane, Berhampur, Odisha-
Brundhavan Gardens, Guntur
Bungalow No.117-A, 12th Road, MLA Colony, Banjara Hills, Hyderabad
Bunglow No.9, Maharashtra Housing society, Barshi Road, Lathure, Latur, Maharashtra
Burdhwan Compound, Ranchi, Municipal Corporation Ward No. 18, P.O. Ranchi, District Ranchi
Burhanpur, District Nimar
Burzala, Srinagar, J & K
Buttayyapet, Machilipatnam
C.R.S. Road, Bidar
C/16, Raneshwar Mahadev-Vasana Sayajiganj, Vadodara
C/370, Mahanagar, Lucknow, Uttar Pradesh
C/o Green Stores, Katchehry Road, Gaya, Bhiar
C/o Gujarat Vidyapith, Ahmedabad
C/O Kisan Brothers, 565, Sultan Bazar, Hyderabad (Deccan)
C/o M.K. Bharti, 1-D, Apoorva Enclave, Tapeswar Colony, Sekhpura, Patna Sadar, Bihar.
C/o Miss Kaiser Harjat, Baijnmathpara, Raipur, Madhya Pradesh
c/o Prof. V.K.N.Menon, Patna University, Patna
C/O Research Institute for Music and performing Arts, Hemangana
C/O Shri R. R. Sreenivasa Rao, BA, BL, Advocate, 2-1-2-121, Officers Road, Chittoor
C-1/10, Lodhi Garden, New Delhi
C-14, Lohia Nagar, Ghaziabad, Uttar Pradesh.
C-27/137-6, Rampuri, Jagatganj, Varanasi
C-5/D-115 A, Janakpuri, New Delhi -
C-501, Rosewood Apartments, Mayur Vihar, New Delhi
C-60, Meenakshi Street, Thirunagar, Madurai, Tamil nadu
C-68/1, Ramthar Veng, Aizawl, Mizoram -
CF-204, Salt Lake, Kolkata..
Ch. Bansi Ram Raghu Ram, Tapa Mandi, Punjab
Chaibasa, District Singhbham, Bihar
Chakand Bazar, P.O. Chakand (Gaya)
Chakkorathukulam, Calcut
Chalisgaon, East Khandesh
Chalissery House, P.O. Kaippamangalam, Trissur, Kerala
Chandra Bhawan, Pilani, Rajasthan.
Charaivati Karyalaya, Sheeshmahal, Bhopal
Chatta Nanu Mal, Patiala
Chelat Lane, Poothole, P.O.- Trichur.
Chennamma Kutir, B.C. Road, Bantwal Taluk, Daskshin Kanada. District, Karnataka
Chettry Bhavan, P.O. Kurseong, District Darjeeling
Chhatamakhana, P.O. Sauntapur, Dist. Bolengir
Chinamushidi Vada, Pendurthi Vada, Pendurthi (Post), Visakhapatnam (District), Andhra Pradesh
Chintan Bungalow, 9th Road, J.V.P.D. Scheme, Juhu, Mumbai
Chirala, District Prakesem, Andhra Pradesh
Chongtong Tea Garden, Lower Chongtong, Darjeeling, West Bengal
Choudhry Lane, Sirdhi
Chungaran, Bikaner
Civil Line No.1(A), Sultanpur
Civil Lines, Distt. Barabanki, Uttar Pradesh
Clouds End Villa, Dharmshala, Dist. Kangra, Himachal Pradesh
Club Road, Muzaffarpur
Coffee Planter, Koppa Town, District Chicknagalur, Mysore
Coffee Planter, Yeligodige Estate, P.O. Aldur, Distt. Chikmagalore, (Mysore)
Communist Party Office, Maidan Road, Mangalore (S.K.)
Communist Party Office, Thiruvananthapuram
Companysarai, Sasaram, Nagarpalika, Rohtas
Congress Maidan, Kadam Kuan, Patna.
Convent Road, Ernakulam
Cosynook Bank Road, Patna
CPI Office, Makhdhoom Bhavan, Himayatnagar, Hyderabad
CPI(M) Office, 87, Apcar Garden, Asansol, Burdwan, West Bengal
CPI(M) Office, Agartala, West Tripura.
CPI(M) Office, Melarmath, Agartala
D, Sector, Naharlagun, Arunachal Pradesh
D.No. 4-139, Rampachodavaram (v) & (M), East Godavari District, Andhra Pradesh.
D/6, Manicktala Housing Estate, V.I.P. Road, Kolkata, West Bengal
D-148 A/2, Durga Marg, Bani Park, Jaipur -
D-19, Shasnti Path, Tilak Nagar, Jaipur
D-2/8 River Bank Colony, Lucknow
D-32, TARA APARTMENT, NEAR ALAKNANDA, KALKAJI, NEW DELHI
D-46/22, Manihari Tala, Varanasi, Uttar Pradesh
D-71, Sector-iv, Defence Colony, Haridwar Road, Dehradun, Uttarakhand
'DAFFODILLS' 202, 6th Main Road, 19th Cross, Malleshwaram , Bangalore.
Daga House, In front of Raja Bhoj Airport, Bhopal
Daltongunj, PMC Ward No.13, P.O. Daltongunj, Palamau, Bihar
Dekshana Bharat Hindi Prachar Sabha, Chennai
Deoband, District Saharanpur
Dera Baba Jaga Singh, Gali Telian, Chowck Chintpurni, Punjab
Deulasahi (Jubuli Town), P.O./Distt: Dhenkanal, Orissa
Devangudi, Vakm Post Office (via) Lalpat, Chidambram Taluk, Sout Arcot Distt.
Devudganm ?Seth Devi Dutt Modi Marg, Lachhamangarh, District Sikar, Rajasthan
Dhan Mandi,P.O. Bhanpura, District Mandsaur, Madhya Pradesh
Dhanegaon, Taluka Dist. Nanded (Maharashtra)
Dhenoj Taluka, Chansama, Distt. Mehsana
Dhori Pole, At. & P.O. Siddhpur, Ta. Siddhpur, Dist. Patan, Gujarat
Dilaram, P.O. Tung, Distt. Darjeeling
Director, Gandhi Gram, Madhrai District
District Court, Rewa (VP)
Diwanpara, Wankaner., Distt. Rajkot, Gujarat.
Door No. 303, 13th Ward, Cuddapah
Dr. Shyama Prasad Marg, Kharsia, Raigarh, Chhatisgarh
Dungarpur Town, Ward No.12, Maharawal, Udaivilas, P.O. Dungarpur, Rajasthan
E-1, B.J.B. Nagar, Bhubaneshwar
E-101, Alaknanda Apartments, Rampuri, Surya Nagar, Distt: Ghaziabad (UP).
E-162, Gothwal Sadan, C. Scheme, Jaipur, Rajasthan
E-182/4, Professor Colony, Bhopal, Madhya Pradesh.
E-2, Firdans Building, Khanpur, Ahmedabad
E-312, Ranjit Avenue, Amritsar, Punjab
E-8/18,Near Daana-Pani Restuarant, Arera Colony, Bhopal -
E-D-1, Rajajipuram, Lucknow
Edara-E-Sharia, P.S. - Sultanganj, Post - Mahendru, Patna
EG--3/14, GARDEN ESTATE, GURGAON, HARYANA
Elgin Road, Allahabad
Empress Court, Dinshaw Wacha Road, Bombay
Ernakulam Mills Buildings, Ernakulam
Ex-MLA, Kanakpura, Bangalore, District
Express Bhawan, 55, Baralal Street, Ranchi, Jharkhand.
F-3, Mohalla Iswahar Quarters, Civil Lines, Meerut
F-4, Sanskruti Apartments, Near Rachana Society, Premchand Nagar Road Satellite, Ahmedabad, Gujarat,
F-76, Sector-41, NOIDA, Ghaziabad, Uttar Pradesh
Fafadih Ward, Raipur.
Farm House, Ranthambore Road, Sawai Madhopur, Rajasthan
FE-238, Sector -3, Salt Lake City,Kolkata
Fem Ridge, Hospital Road, P.O. Mokokchung, Nagaland
Flat 3A, 8/2A Alipore Park Road, Kolkata
Flat -3A, 99/1, Karaya Road, Kolkata, West Bengal
Flat No. 111, Ranka View Apartment, No.51/22-4, Richmond Road, Bangalore.
Flat No. 4, Block E, CIT Scheme, XXVR, Christophur Road, Calcutta
Flat No. 4B, 36, Shakespeare Sarani, Kolkata
Flat No. 5-B, Lalkamal, 27 Baker Road, Kolkata
Flat No.2-A, First Floor, 60/2/7, Kavi Bharti Sarani (Lake Road),Kolkata
Flat-C/7/3, 39-A, Gobinda Addy Road, Kolkata -
G-10, Jyothirmayee Complex, H.No.3-5-952, Narayanguda, OPP: venkatesh Theatre, Hyderabad, Andhra Pradesh.
G-11, Fascinate Homes, 12th Cross, 8th Main, Malleswaram, Bengaluru.
G-164, New Alipore, Kolkata -
G-2, Lloyds Colony, Royapettah, Chennai, Tamil Nadu
G-5, A.K.ENCLAVE, ROAD NO.3, BANJARA HILLS, HYDERABAD, ANDHRA PRADESH
Galpet, Kolan
Gandanahally, K.R. Nagar Taluk, Mysore, District Karnataka
GANDHI ASHRAM HAJIPUR, VAISHALI, BIHAR
Gandhi Chowk, Chandrapur District, Chandrapur
Gandhi Nagar Tenali, Distt- Guntur, Andhra Pradesh
Gandhi Nagari, Berhampur, Distt. Ganjam Orissa
Ganesapuram, P.O. Namakkal, Namakkal Distt., Tamil Nadu
Ganesh Colony, Naya Bazar, Lashkar , Gwaliar
Ganpati Road, Mandi, Himachal Pradesh
Gaudaud, Rudra Nagar, Thana No.208, Panchayat Gaudand, P.O. Gaudand, Distt.Bhojpur
Gayatri Nagar, Shantikunj, Haridwar, Uttarakhand.
GD-89, Sector-III, Salt Lake, Kolkata West Bengal
General Secretary, Self Employed Wome's Association, Opposite victoria Garden, Ahmedabad.
Girisadanam, Enadimangalam
Girish Building, T.H. Kataria Road, Mahim, Mumbai -
Goenka Nivas, 19, Belvedere Road, Alipore, Kolkata.
Gola Deena Nath Bheetari, Varanasi
Golapati Minuthong, Masjid Achouba Road, Imphal East District, Imphal Hd.P.O.
Gopi Ganj, Banaras (UP)
Goriya Toli, Station Road, Patna -
Gossaigaon Town, Post Office Gossaigaon, Kokrajhar, Assam
Gram Dakshinamirti, Amba-Songed (Saurashtra)
Gram Gurgachka, Post nangal Sliya, Teh Kishangarhwas, Distt. Alwar.
Gram Lilawali, Post Manaksar, Tehsil Gangaria, Rajasthan
Gram Post - Bagharajee, Distt. Jabalpur, Madhya Pradesh.
Gram Post, Chitrangi, Distt. Sidhi, M.P.
Gram: Sabda, P.O.Churhat, Distt.- Sidhi, Madhya Pradesh
Gram-Chamasari (Kaplani), Post-Chamasari, Via Mussoorie, Tehsil-Dehra, Distt. Dehradun, Uttarakhand
Gunjabari North, Siliguri Road, P.O. & Dist. Cooch Behar -
'Gunjan' Lewis Road, P.O. Bhubaneshwar
Gunn Bungalow, Gunhur
Gurukkal Street,Utaamapalayam,Theni District, Tamil Nadu
Guthu Mansion, Vaslane 2nd Cross Road, PO: Kankanady, Mangalore
H. No. 2-2-185/56/6/14-B, Bagh Amberpet, Hyderabad
H. NO. 4-107, Unguturu, Mangalagiri, Taluk, Andhra Pradesh
H. No. 6-70, Village Madugula, Mandal Madugula, District Mahaboobnagar, Andhra Pradesh
H. No. 8-2-574/A, Road No. 7, Banjara Hills, Hyderabad.
H. No. 9-1-129, Sarojini Devi Road, Secunderabad
H. No.51/A, Arab Mohalla, Raichur
H.I.G. 3/35, PatrakarPuram, Gomti Nagar, Lucknow, Uttar Pradesh
H.No. 119, Kumhar Gali, Ajabpur Kalan, Dehradun, Uttarakhand.
H.No. 12-A, Sector 14, Gurgaon, Haryana
H.No. 1349, Old Agra Road, Surgana House, Nasik
H.No. 1-9-19/63, Ramnagar, Hyderabad, Andhra Pradesh -
H.No. 3-4,-863, Barkatpura, Hyderabad
H.No. 803, Chautala House, Ram Colony, Barnala Road, Sirsa, Haryana.
H.No.11/250, Kariyadan Villa, Convent Road, Calicut.
H.No.11-3-835, Mallepalli, Hyderabad-01, Andhra Pradesh.
H.No.12-2-44, Muradnagar, Hyderabad
H.No.12-6-110, Ramannapet, Warrangal District, Telangana
H.No.175, Kautilaya Nagar, MP-MLA Colony, Vetnary College, Patna
H.No.202/4, Paonta Sahib, Distt.: Sirmour, Himachal Pradesh
H.No.205, Vishwakarma Colony, Balsamad Road, Hissar, Haryana.
H.No.2064, Vijay Nagar Colony, Poona, Maharashtra
H.No.276, Onkar Nagar, Gurdaspur (Punjab)
H.No.316, Ward No. 42, Akola, Distt. Akola
H.No.340, Ashiana College Road, Abohar, Distt. Ferozpur, Pubjab
H.No.428A, Koorkancherry, Nedupugha, Trichur
H.No.6-60, Alwal, Hyderabad Distt.
H.No.8-2-325/1, Road No.7, Banjara Hills, Hyderabad, Andhra Pradesh
H.No.8-2-686/8/3, Banjara Hills, Hyderabad ( Andhra Pradesh)
H.No.89, LIC Colony, Indirapark, Hyderabad, Andhra Pradesh
H.No2 - Chandra Nagar, Lucknow
H.P. Or P.O. Dhalpur, District Kullu, H.P.
H-3 B, Nishat Colony, 74 Bunglow, Swami Dayanand Nagar, Bhopal, Madya Pradesh
H-33A, Lane W-10-C, Sainik Farms, New Delhi
Half Nagarjan, P.O. Dimapur, Nagaland.
Hanuman Motor Service, Sira, Tumkur District, Karnataka
haq Manion, Patan Pole, Kota, Rajasthan
Harish Thakur Street, Agartala, Tripura
Hatigoan Road, Dispur, Guhati, Assam
Hedayatpur, Gauhati P.O. Dr. B.K. Kakoti Road, Rehabari, Gauhati
Hemanta Basu Bhawan, 49/C, C.R. Avenue, Kolkata
Hemchandra Road, Gauhati, Assam
Hijuguri, P.O. Tinsukia, Dist. Tinsukia
Hill Top, PO NSS College, Manjeri, Dist. Malappuram.
Holy Cross Hospital Campus, at Rampur Panchayat, Chainpur Block, Gumla Distt. Jharkhand.
Hopkinson Road, Laitumkhrah, Shillong, Meghalaya
Hotel Uttaranchal Deep, Naya Bazaar, Pithoragarh, Uttarakhand
House No,4/9, Sector-5, Rajendra Nagar,Sahi Babal, District Ghaziabad, U.P.
House No. 114, Krishna Colony, Ward No. 16, Bhiwani City, Distt. Bhiwani
House No. 11-6-515, Nampally, Hyderabad, Andhra Pradesh
House No. 14, Bye Lane-8, Sub- Lane/4,Lachit Nagar, Guwahati, Assam.
House No. 157, Opp. Pharmacy College, Panaji, Goa.
House No. 1634-35, Sector-13, Urban Estate, Kurukshetra, Haryana.
House No. 187, Vijay Nagar Colony, Ward No. 20 Bhiwani (Haryana)
House No. 21, Village Bamania Tehsil Petlabad, Distt. Jhabua
House No. 228/6, Upper Suhra Mandi Town, Distt. Mandi, Himachal Pradesh
House No. 240, Khandoji Bazar, Secunderabad (Hyderabad-Deccan)
House No. 245, Islamia School Road, Sikar (Rajasthan)
House No. 2-46, Ganganapally Village, (Sampara Constituency) Kakinada, East Godavari District
House No. 258, Road No.18, Jubilee Hills, Hyderabad
House No. 31, Saraswati Sugar Mills, Yamunanagar, Distt. Ambala
House No. 3-4-842, Barkatpurah, Hyderabad
House No. 3-5-1971, Narayanguda, Hyderabad
House No. 3C - 10 - 3, Kammulavari Street, Eluru, West Godavari District
House No. 460/4, Karwan, Hyderabad
House No. 466, Sonepat Road, Rohtak
House No. 47, Mata Prasad Keshar Ke Pas, Scindia Ki Chhawani, Lashkar, Gwalior.
House No. 5, LKRB Road, Nabin Nagar, Guwahati -
House No. 573, Randhir Lane, Karnal, Haryana
House No. 6, Tulsi Bagh, Srinagar, Jammu and Kashmir.
House No. 67, Sindhi Milk Colony, Distt.- Deoria.
House No. 67, Sindhi Mill Colony, Distt.- Deoria, Uttar Pradesh.
House No. 721, Ward No. 2, Anand, Distt. Kaira
House No. 807, MS Block-II, MLA Quarters, Hyderguda, Hyderabad
House No.10-2-96, Third Main Road, Maradpalli, Secunderabad
House No.12/129, Mohalla Kala Dhongi Road, Paith Padao, Haldwani, District Nainital, Uttaranchal
House No.152, Ward Chatta, Block No.8, Mohalla Jamuna, Boairo, Agra city
House No.1-7-140/1, Venkappa Nilayam, Vivekanandanagar, Mehboobnagar, Distt. Mehboobnagar, Andhra Pradesh
House No.19, Nul Town, Chanda, Maharashtra
House No.295, Near Rosary Chapel, Dona Paula, Goa
House No.41, Fire Brigade marg, Fatehgarh, Bhopal
House No.694, Ward No.19, Khamgaon, District Buldhana
House No.87, Mohalla Dodan, Faridkot, Punjab
House No.K.M. 157, Ward No.5, Moh. Kavi Nagar, Ghaziabad
I-1, Jawahar Nagar, Trivandrum, Kerala
I-Gandhikuti, Dr. Ambedkar Road, Nagpur.
Inderlok Colony, Pohitipur Road, Sahajadpur, Akbarpur, Ambedkar Nagar (UP)
Iqbal Bhavan, Sirhind Nagar, PO: Kottakkal, Distt. Malappuram, Kerala
Isai Agam, No.2-C, Bhagavantham Gupta Street, Thyagarayanagar, Madras-17
J.57, Jawahar Nagar, Srinagar - J & K
J.D. Road, Kokrajhar Town, W/No. 4, BTAD, P.O. & District Kokrajhar, Assam
J.J. Nilaiyam, Nerinjipettai, Po. Bhavani, TK. Distt. Erode, Tamil Nadu
J-22, Hauz Khas Enclave, New Delhi
Jadhavpur Centt., Road, C.I.T. Super Mkt, 3rd Floor, Flat No.F/13, Kolkatta
Jagannath Prasad Chaudhury Marg, (Bhartipur), Jabalpur
Jagannath Road, Rajkot (Saurashtra)
JAIL ROAD, JORHAT, ASSAM.
Jalmahal, Badnore, Tehsil-Asind, Distt.- Bhilwara.
Jan Sangh Office, A.P. Sen Road, Lucknow.
Janapriya, 6-3-1109/2, Raj Bhavan Road, Somajiguda, Hyderabad, Andhra Pradesh -
Javad, Post Javad, Distt. Mandasaur, M.P.
Jay Bihar, Gwalior, Madhya Pradesh
Jaykumar Road, Malugram, slchar-2, district: Cachar, Assam
Jeevan-Chhaya, Rifle Range, Akola
Jharuapara, Sambalpur
Jobner Bagh, Station, Road, Jaipur
Joginaidugari Street, Anakapalli, Visakhapatnam Distt.
Joshi farms, Changa Dhamori, ganadevi Taluka, Valsad District, Gujarath
K 64/44, Gola Dina Nath, Varanasi
K-12, Sector-19, Opposte Circuit House,Gandhinagar, Gujrat.
K-25, Hauz Khas, New Delhi
Kabithingda, N. Sikkim, PO Kabi (Sikkim)
Kadam Kuan, Nala Road, Patna, Bihar
Kakinada
Kalighat, Cuttack
Kalingapatti P.O. Tharuvergadam via, Tirunelveli District
Kalmadi House, 42/8, Dr. Ketkar Road, Erandavane, Pune.
Kalpana Building, Talmiki Road, Santa Croz, Bombay
Kalpataru, Bhir, Distt. Bihir
Kandanvilai, Kanyakumari Distt.
Karani Kunj, Kachari Road, Ajmar, Rajasthan
Karauli, Distt. Sawaimadhopur, Rajasthan
Karayalam, Kilimanoor, Kerala
KARIADAN HOUSE, PO: PATHAYAKKUNNU, KANNUR, DISTT: KERALA
Kasanta House, Rewa, Madhya Pradesh
Kasauta House, Venkat Road, Rewa
Kasba Lar, P.O. Lar, Deoria, UP
Kathgara Sahi, Cuttack, orissa
Kathgodam Talla, Govind Ballabh Pant marg, Botia Parao, Tikonia, Haldwani, Distt. Naintal
Kathi Darwaza, P.O. Rainawari, Srinagar (Kashmir)
Katla Bazar, Jodhpur
Kautilaya Nagar, 201, Vidhayak Colony, Near Veterinary College Campus, Patna, Bihar
K-B-41, Kavi Nagar, Ghaziabad. (UP).
Kechcry, P.O. Trichur Distt. Kerala
Keishampat, Thokchom Leikai, Imphal
Keishamthong Laisom Leirak, P.O. Imphal, Manipur
Khalihamari Post Office Dibrugarh, Assam
Khambathel, Post Office Sugeru, Manipur
Kisan Mazdoor Kendra, Lakhisarai, Monghyr, Bihar
Kombakaran Neudhal, Saveriar Pattinam, Manamadurai, Parumpur Muthuramalingam Distt.
Koreparambu Veeder, P.O. Narakal, via cochin
Kothi No. 157, Sector 15, Hisar, Haryana
Kothi of Dr. Gaur, Vidhur Kuti Road, Bukhara, Town-Bijnor, Distt.-Bijnor, Uttar Pradesh
Krishna Colony, Opposite New Bus Stand, Suryapet, Nalgonda District (Andhra Pradesh)
Krishna Villa, PD-75, Malibu Towne, Sohna Road, Gurgaon, Haryana
Kugalur P.O. Gobichettipalayam, Coimbatore District
Kumar House, Shankli, Shimla
Kurishingal, Arathinkal, P.O. Sheratalai
Kurki, Devanagera Taluk, Chitradurga District, Karnataka
Kushal Konwar Path, Jorhat, Assam
Kuthiravattathu House, Kallisseri P.O. Chengannur, Kerala
L-10, Anna Nagar East, Chennai
Lady laxmibai Jagmohandas Mara, (MH. No.61 to 91), M.H. No.69-A, Manisha, Mumbai-7
Lairenjam Awang Leikai, B.P.O. Laiphrakom, Imphal West Distt. Manipur
Lajpat Bhawan, Harni Road, (Lal Bahadur Shastri School Compound) Baroda, Gujarat
Lakshmi Niwas, D-194, Bani Park, Jaipur, Rajasthan
Lal Bungalow, Jamnagar.
Lal Villa, Subhash Nagar, Villakadavu, Trivandrum
Lalaguda, Hyderabad, Tarnaka, Secunderabad
Lalpur, Civil Lines, Etah
Lath Niwas, At/PO Khetrajpur, Dist. Sambalpur, Orissa
Laxmi Niwas, Parmanand Colony (Rath Khana), Pannalal Barupal marg, Bikaner, Rajasthan
Liliya Mota, Tal Liliya, Distt. Amreli
Loharee House, Civil Lines, Jaipur.
Lohia Academy, Unit 4, Qr. No. 1/3 Bhubaneswar
Lummawbah, Shillong, Meghalaya
M.C. 147, H.No.6-3-346/4, Dwarakapuri Colony, Model House Road, Punjagutta, Hyderabad
M.H.No.41, Sealand, Colaba, Mumbai
M.I.G. 7, Ward No. 3, Nehru Nagar, Bilaspur, Chhattisgarh.
M.I.G. Duplex-9, Chitrakoot Complex, Chhindwara, Madhya Pradesh
M.N. Smarakom, P.O. Thycaud, Thiruvananthapuram -
M.S. Clinic, A-1/16, Chinnappa Rowther Street,Triplicane, Chennai.
M/S Navayuga Films, Gandhi Nagaram, Vijayawada
Madanapalli Post, Chittor District
Madani Manzil Deoband, Deoband, Distt.- Saharanpur, Uttar Pradesh
MADHAVA MANGALAM MUDAVOOR, PO;MUVATTUPUZHA, ERNAKULAM DISTT. KERALA
Madhavnagar, Nr. Babvadi Mandvi (Kutch), Gujarat
Mahaboobnagar District (AP) Kodangal
Mahalla Nayatoli, Street I, Ranchi.
Mahanadi Road, Cuttack
Maharani Dist. Sibsagar
Main Mohalla, Batala, District Gurudaspur
Main Road Jarhobhata, Bilaspur (MP)
Main Road Near Hotel Elite.,P.O. Haflong P.S. Halflong, Distt. Dima Hasao, N.C. Hills, Assam
Makan No. 82, Sabind Nagar, Indore, Madhya Pradesh
Malki, Shillong.
Mall Avenue, Lucknow.
Mandawa House, Sansar Chandra Road, Jaipur City, Rajasthan
Mangal Bazar, PO/PS/Distt. - Jharsuguda, Orissa
Mangaldai, Darrang, Assam
Manickpore (West) P.O. & Dist. Midnapore
'MANSAROVER' Tonk Road, Sitabadi, Jaipur.
Mansh, Ta Vijapuri, District Mehsana, Gujarat
Mantri Pukhri, Imphal, Manipur.
Mantriji Tola, Shaharbanni, P.O.- Shaharbanni, Dist.-Khagaria, Bihar.
Martam House, Gangtok, Sikkim
Masaipet, Khanapoor, Adilabad Distt.
Mattathil House, Pala, Distt. kottayam, Kerala
Mavelikara, Kerala
Meghdoot, Central Jail Road, Jamnagar.
Metuakuchi, Barpeta Town, P.O. Barpeta, Distt. Barpeta, Assam
MIG, 77, Saraswati Nagar, Bhopal, MP
MIG-7, Nehru Nagar, Bilaspur, Chhattisgarh
Minaxi,7, Krishnanagar Society, Prabha Road, Godhra, Distt. Panchmahal, Gujarat.
Minerva Bhawan, Station Road, Jodhpur
Mini Mahal, anandavalleeswarm, Quilon - 12
Mirdha Bhavan, I-C Road, Sardarpura, Jodhpur
Mirza Bagh, nagin, POL Hazratbal, srinagar, Kashmir
Mission Compound, Post-Shivamogga, Taluk - Shivamogga, Karnataka.
Miyanpur Village Hyderabad, West Taluk, Hyderabad District
MLA Qtrs., C-7, Jaipur
Moh. Purva Faiyaj ali, Meerut Tehsil and District Meerut
Mohalla & PO- Sidhari, Azamgarh, Uttar Pradesh
Mohalla Bahnde Ka Tela, Eradat Nagar, Lucknow
Mohalla Bania Patti, Ward No.8, P.O. Mothihari, Zilla East Champaran, Mohalla Dharm Samaj Chowk, Ward No.9, Motihari, P.O. & District Motihari, Bihar
Mohalla Bazar, Baruwa Sagar, Jhansi
Mohalla katra, Bulakidas, P.O. Jaswant Nagar, Distt. Etawah
Mohalla Pathan Tola, Post Purani Basti, Basti, Uttar Pradesh
Mohalla-Chamartolia, Rajendra Nagar, Lucknow
Mohallah - Orient Club, PO- Ramana, PS- Kazi Mohamadpur, Distt-Muzaffarpur
Mohalla-Pathanpura, Rath, Distt. Hamirpur, Uttar Pradesh.
Mohantypada, At/PO/PS/Dist. Sambalpur, Orissa.
Mohta Mills, Akola
Moti Bagh, Patiala
Motor Stand, Mandi Dabwali, District Hissar, Punjab
Mudarhatta Busty, P.O. Sonada, Jorebungalow, Distt. Darjeeling
Municipal H.No.-440, Ward No.41, Amraoti
Murali Mandiram, House No. 120, Poonkunnam, Thrissur, Kerala
Murlidhar Bagh, Hyderabad
Murray Field, Simla East.
N.E.Pure Beverages, New Industrial Estate, Rangapahar Road, Dimapur, Nagaland
Nadukkara House, Kadaplamattom PO, Kottayam, Kerala
Nagaratna Nilayam, Anandarao Road, Ongole, Prakasam District
Naidu Building, Chittoor, Andhra Pradesh
Nallukudure, P.O. Channagiri Taluk, Shimoga District
Nandpur, Post Office Saneuwal, District Ludhiana, Punjab
Nanka, Azad Road, Kaloor, Cochin
Nansa Gate, Nawalgarh
Narasannanagar, Kakinada, East Godavari, Distt.
Nashaiman, Frazen Road, Patna
Nava Bharat Kutir, Civil Lines, Panchmari,Dist. Hoshangabad (MP)
Naya Bazar, Kohima, Nagaland
Naya Tolii, P.O. Ranchi, Bihar
Nayabas, Jodhpur
Nayagaon, P.O.Gidhour, Distt. Jamui, Bihar
Nazirapatti, P.O. Silchar (Assam)
Near Income Tax Office, Bulandsahar,Uttar Pradesh.
Near Kotwali, Bhopal
Near Waniawad School, Bhuj, Kuchchh
Neelanagaram Post, Palakonda Taluq, Srikakulam District. Andhra Pradesh
Nehru Basti, Gurh Road, Rewa, M.P.
Neila House, 3-C, Peddar Road, Bombay
Nelapadu, P.O. Burripalem, Talug, Tenali, District Cuntur
Neolianwali Gali, Sirsa, Distt. Sirsa, Haryana
New Dak Bungalow Road, Patna
New Mandi, Adampur, Hissar, Haryana
NEW NO.25 (OLD NO.8/A), THYAGARAJAPURAM EXTENSION, VELLORE, TAMIL NADU
Niduzuvvi (V), Yerraguntla (M), Kadapa (Distt.), Andhra Pradesh
Nirmal, Maharshi Arvind Marg, Near Thakkar Bapa Chhatralaya, PO: palanpur, Gujarajt
Nishigangh Aptts, Ahilayadevi Chowk Kalyan
No,13, Chanakyapuri, Hubli, Karnataka
No. 2, Kalyani Nagar, Kottiwakkam, Chennai, Tamil Nadu
No. 2, Selvam Nagar, Thanjavur
No. 24/2, Raja Street, Mandaveli, Chennai
No. 3, Vittal Mallya Road, Bengaluru, Karnataka
No. 702, Sagar Samrat, Green Fields, PO Juhu, Mumbai.
No.10, Prof. Subramanian Street, Kilpauk,Chennai
NO.103(45), ELDAMS ROAD, TEYNAMPET, CHENNAI, TAMIL NADU
No.156, 8th Main Road, RMV Extension, Sadashiv Nagar, Bangalore
No.2, Asripallam Road, Nagercoil, Kanyakumari, Distt. Tamil Nadu
No.2-1409 to 2-1482/85, Sedam Road Quarters, Opp. to Medical College, Gulbarga
No.229, Kritika, R.M.V. Extension, Bangalore.
No.281, M.K. Puttalingaiahi Road, Padmanabha Nagar, Bangalore
No.3 (Old No.10), Royal Enclave, Besant Avenue, Adyar, Chennai.
No.3, Old Post Office Street, Manamadurai, Tamil Nadu
No.31, Dr. Narasimhan Salai, T. Nagar, Chennai.
No.5, Ellamman Koil Street, Puducherry
No.6, Film Nagar Colony, Jubli Hills, Hyderabad, Andhra Pradesh
No.-76, Calve Subbaraya Chetty Street, Puducherry
No.81, Benson Cross, Benson Town, Bangalore.
Noonmati Road, Ambari, Gauhati
Nowgong, Assam
Nuzvid (P.O.) Krishna District, A.P.
Oberoi Grand Hotel, Chowringhee Road, Calcutta
Old No.13, New No.10, Tilak Street, T. Nagar, Chennai.
Opp. Kalupur Tower, Ahmedabad
Opp. T.B. Hospital, At & P.O. Vijapur, Distt. Mehsana (North Gujarat) Gujarat
Oriya Bazar, Cuttack, Orissa
Osmanabad, District Osmanabad, Hyderabad
Oyan-791102 via Pasighat, East Siang Distt., Arunachal Pradesh
P.14, Durga Charan Mitra Street, Kolkata
P.N.Sinha Compound, Bhikhan Pahari, Mahendru, Patna
P.O. Bagar, District Siang, A.P.
P.O. Barasat, District 24 Paraganas, West Bengal
P.O. Barpeta Road, District Barpeta, Assam
P.O. Bhusawar, Distt. Bharatpur
P.O. Bolangir, Distt. Bolangir, Orissa
P.O. Chattarpur, Distt. Chattarpur (Toria house)
P.O. Cluru, Distt. West Godavary
P.O. Japisajia, North Lakhimpur, Assam
P.O. Kairana, Dist. Muzaffarnagar, Uttar Pradesh
P.O. Mokokchung, Nagaland
P.O. Nalbari, Assam
P.O. Ponnani South Malabar, Madras
P.O. Sanawar, Simla Hills Kasauli
P.O. Sarai Killa, Distt. Singhbhum, Bihar
P.O. Sibsagar, District Sibsagar
P.O. Sopore (Kashmir)
P.O. Surajpura (Shahabad)
P.O. Yadagiri, Gulbarga Distt.
Palace Moti Mahal, Raigarh Chattisgarh.
Palace, Post Office & District Dhenkanal, Aruna Pradesh
Panalipur, Jowai, P.O. Jaintia Hills Distt.
Panchayat Akhara Ka Dakshini, Ward No. 3, P.O. Gaya Distt. Gaya, Bihar
Panchayati Nohara, Udaipur, Rajasthan
Panposh, P.O. Panposh, Dist. Sundargarh
Paranjpye Road, Poona
Paschalam, Ernakulam
Patan Colony, 243, D/3, Karad
Patan Colony, Shaniwar Peth, Karad, Distt.-Satara, Maharashtra
Patigali, Guzri, Patna City
Patrakar Colony, Block No. 4, Flat No. 20, Naranpura, Ahmedabad
Pawar Bunglow, Aamrai, New Market Yard Rd., P.O. and Tal. Baramati, Dist.- Pune
Pipaladi, Taluka Chhotaudipur, Vadodara, Baroda
Pithapur, Cuttack-1
PLOT E-23, BJB NAGAR, BHUBANESWAR, ORISSA
Plot No. 14, Unit -3, Bhubaneswar
Plot No. 1923, H-47, 12th Main Road,Anna Nagar, Chennai-
Plot No. 201, Forest Park, Bhubaneswar, Distt. Khurda
Plot No. 47 & 48, Dubdi Plot, Dattar Road, Junagadh
Plot No. 48, Road No.6, Jubilee Hills, Hyderabad, Andhra PRadesh
Plot No. 4884-A, Anna Nagar, Madras
Plot No.L-3-119, Acharya Vihar, Bhubabneshwar, Orissa
Plot-23, Kowdiar Gardens Housing Colony, Jawahar Nagar P.O., Thiruvananthapuram.
PO Mothkur, Via Bhougir, Distt. Nalgonda
PO Nagnagar, Dhaiya, Dhanbad, Jharkhand
PO: Sambalpur, District: Sambalpur, Orissa.
POCKET 62/20, D.D.BLOCK, KALKAJI, NEW DELHI
Ponnamukulath House, P.O. Kalamassery - Ernakulam, Kerala
Post Office Bochoo, Kokernag, Kashmir, J & K
Post Office G.P.O., M.O. Station Road, Ward No.10, Patna
Post Office Jaipur, District Cuttack, Orissa
Post Office Mudigare, District Chikmagalma, Karnataka
Post Office Tutu, Simla Hills, Himachal Pradesh
Post Office, Tezpur, District Darrang, Assam
Post Yedemachhindra, Taluka Walwa, Distt. Sangli, Maharashtra
Poyyara House, Kanattukara, Thrissur, Kerala -
PRA 38(1), Jeevan Nagar, Pottakuzhi, Pattom. P.O. Thiruvananthapuram, Kerala.
Praja Shakti, Governerpet, Vijayawada
Prashantam, Manjummel South, Eloor, Ernakulam, Kerala.
Pratap Niwas, Rana Pratap Marg, Lucknow
Presidency Road, Jammu Tawi, J & K
Pt. Deen Dayal Parisar, BJP Karyalaya, Mukherjee Chowk, Bhopal
Purani Bazar, Sahu Pokher, Muzaffarpur Town, Muzaffarpur, Bihar
Purbanchal, P.O. Pradhannagar, Distt. Darjeeling
Pusulur (Post) Pedanandipadu Mandal, Guntur, Andhra Pradesh
Pynthorbah, Shillong, Meghalaya
Qutubuddin Lane, Darjitola, Patna
R.K.MISSION ROAD, PO & DISTT. KARIMGANJ ASSAM
Ragaibommanahalli, Taluk Malavalli, Karnataka
Raghav Nagar, Ward No. 2, Deoria, Uttar Pradesh
Rahate Colony, Swatantra Senani Jawaharlal Darda Marg, Nagpur, Maharashtra -
Rahbagar Society, Jail Road, Mabeseva
Raia Salcete, Goa
RAILWAY STATION ROAD, 13th WARD, DIDLAGHATTA, KARNATAKA.
Railway Station Road, Raniket, North Arcot, Distt
Raj Bhawan, Kohima, Nagaland
Raja Ram Garden, Kaimri Road, Hisar, Haryana
Rajendra Marg, Napur Town, Jabalpur (MP)
Rajendra Nagar, Ward No. 18, Patna
Rammopur, P.O. Nauhra, Tehsil - Phoolpur, Distt. Azamgarh
Rasakondallu, Circuit House, Coimbatore
Rayachoti, Cuddapah District/Tsunder Palle (PO), Cuddapah District, A.P.`
Registered Medical Practitioner, Manjeswar
Residency Main Road, Indore, Madhya Pradesh
River View, P.O. Hajipur, Distt. Muzaffarpur
Road No.6-B, Rajendra Nagar, Patna-16
Room No. 6, Baradari Palace Guest House Patiala, Basarke, Distt. Amritsar
Roop Palac, Kullu, Post Office, Kullu
ROOTS, CHHOTA SHIMLA, SHIMLA, HIMACHAL PRADESH
Rugudipara P.O. Bolangir Distt. Bolangir
Rukmini Gaon, Dispur, Guwahati (Assam)
Rungmok Tea Estate, PS Tor Bangla, Distt. Darjeeling
S.P. Verma Road, Patna
S.S.P. Office, Tinsukia, Assam
S-3/4, Sravani Abuson, FC Block, Sector-III, Bidhan Nagar, Kolkata
S-389, NEW RAJENDRA NAGAR, NEW DELHI
Sadhana, No. 19, Cenotaph Road, Chennai
Safia Mansion, Manthra Road, Cochin
Sagolband, Vizai Govind, Imphal
Saira Bunglow, G-1, 34-B, Pali Hill Road, Bandra (West), Mumbai.
Sambhaji Road, Village Deotali, Nasik Road,
Sambhaji Vilas, Gwalior
Sangadigimta, Guntur
Santipur, Guwahati, Assam
Saraipali, Distt. Raipur, M.P.
Sarnatoli Hatma, Behind Ranchi College, Ranchi, Jharkhand -
Sarwat Gate Uttari, Muzaffarnagar, U.P.
Sath Vilas, Ootacamund
Sawai man Singh Hospital Compound, Jaipur City, Rajasthan
Semari Jamalpur, Azamgarh
Senior MIG-2, Ankur Colony, Shivaji Nagar, Bhopal, Madhya Pradesh
Senki Park, Itanagar, Arunachal Pradesh
Set No. 1, Block-R, H.B. Colony, Strawberry, Shimla
Sewa Sadan, Opp. ITI, G.T. Road, Gurdaspur, Punjab.
SHAGUN GARDEN, FRONT OF DISTRICT HOSPITAL, VIDISHA, MADHYA PRADESH
Shanti Neketan, West Bengal
Shehjar Humhama Heights, Airport Road, Srinagar -
Shikaripara, Balod, Dist. Durg. (Chhattisgarh)
Shillong, Assam
Shiv Vilas, 244, Shivaji Road, Meerut
Shivagange Estates, mallandur, P.o. Chickmagalur Taluk
Shivaji Nagar, At & Post - Dahivad, Tehsil - Shirpur, Distt. Dhule
Shivratna Bunglow, Yashwant Nagar, Akluj, Tal. Malshiras, Distt.-Solapur, Maharashtra
Shomoon House, 31-A, National Highway, Gangtok (Sikkim)
Shram Safalya Society, Ambajogai Road, Latur
Shri Satyanarayan, Niwas, 8, Rajputpara, Rajkot
Shroff Khana Street, Vizianagaram
Siddhu Niwas, Charbagh, Lucknow
Singapoor Village, Karimnagar District
Singjamei, Chingamakha PartI, P.O. Singjamei
Singtom Tea Estate, P.O. & Distt. Darjeeling (W.B.) Sangtom Tea Estate, P.O. Darjeeling, Distt. Dargeeling
Sipahi Tola, Post Office- Puranea, District- Purnea.
Siyaram Kutir, Chitrakoot, Dist. Satna, Madhya Pradesh
sneh sadan, B-11, Shataladebi Temple Road, Mahim, Mumbai
Socialist Party, Oriya Bazar, Cuttack, Orissa
Sonari, Senjiapam, South Sonari Sonari, Charaides
Sopore, Distt. Baramulla, Jammu and Kashmir
Sougaijam Maning Leikai, Moirangkhom,Imphal, Manipur.
Souparnika TC7/1545/2, Thirunilam Lane, Vettamukku Road, Thirumala, Thiruvananthapuram,
Sreenikethan, Mavanal House, Kalanjoor P.O., Pathanamthitta, Kerala.
Sri Ramakrishna Vidyalaya, P.O. Coimbatore Distt.
Stone House, Saifabad, Hyderbad.
Subhas Nagar, Post Office Silchar, Assam
Sughra Rose, Civil Lines, Bahrampur, District Gonda, Uttar Pradesh
Sujan Singh Park, Sonepat, Distt. Sonepat
'Sukhsagar' 72, Bharat Nagar, Nagpur
Sundaram Nagar, Singampunari (Post), Pasumpon Thevar Thirumasan District
Sungadia, Ward No. 11, Baripada Town, Dist. Mayurbhanj
Supari Bag, Jamner, Distt.- Jalgaon, Maharashtra
Suresh Sharma Nagar, Pilibhit, Bypass Road, Bareilly, Uttar Pradesh.
Suri Tola, Mahendru, Patna
Suwagpur, Gauhati
T.C. 667, Vanchiyoer Division, Trivandrum
Tadapatri, Anantapur Distt.
Tagore Marg, Barnagar, Distt. Ujjain
Taluk Tarikeri, Post Office Lakkavelli
Tarana, Post Office bahalda Road Station, District Mayurbhanj, Orissa
TC 42/366(1), Shreevaraham, Vallakadavu P.O., Thiruvananthapuram, Kerala.
Temple of Mddho Bihariji, Station Road, Jaipur, Rajasthan
THAKTHING BAZAR, AIZAWAL, MIZORAM
Thakthing Bazar, P.O. Aizawal, Mizoram
Thalekkunnil House, Pullampara, P.O. Venjaramoodu, Trivandram, Kerala
Thaliur palli Road, Krishnanagar, Agartala, Tripura
Thallaignayiru, III Sethi, PO. Vedaranayam Taluk, Nagai Quaid-e-Milleth District
Thana Road (Shastri Chowk), P.O. and Distt. Lohardaga, Jharkhand
Thana Road, Post Office Agartala, Tripura
'The Palace', Post Office, Kurupam, District vizianagaram, Andhra Pradesh
The Victory, 201, Dalpatian, Jammu
Theeyathur, Avadayarkoil Taluk, Pudukkottai Distt., Tamil Nadu
Thendral Nagar Narayana Thevan Patti PO., Uttama Palayam Taluk, Theni District, Tamil Nadu
Thennagam, 143, Lloyds Road, Chennai
Thiksey Monastry, Village Thiksey, Leh, Ladakh, Jammu and Kashmir
Thumarakandi Parambu, H.No.184, Kozhikode, Ward-3, Kerala
Thycaud, Trivandrum
Tibet Road, Gangtok
Tilak Nagar, Bilaspur, Chhattisgarh
Town Pratapgarh, Gangail Road, P.O. Agartala, District West Tripura
Tribhuvan Madhuri Nivas, (Shekhpura House), Shekhpura, Thana-Shastri Nagar, Bailey Road, Patna -
Tripura Castle Road, Near Fruits Graden, P.O. Shillong
Tuikhuahtlang, Aizal, Mizoram
Tulsipur, Cuttack Town, Orissa
Type IV/5, Butler Palace Colony, Lucknow
U.R. Road, Nagaon Town, Nagaon, Assam
Ulavar Illam, 175, Koneripatty Extension II, Rasipuram, Namakkal District
Ummaid Bhawan Palace, Jodhpur, Rajasthan
Uparahti, Rewa (M.P.)
Uppaluru, Undi Mandal, West Godavari, Distt. A.P.
Upper Chandmarry, P.O. Tura, Assam
Upper Republic Veng, Aizwal, Mizoram
Urvinkhan Estate, Javali Post, Mudigere Taluk, Chickmagalur Distt. KARNATAKA
Uttkarsh Society, Behind College Campus, Near Avdhoot Society Bholav, Dist. Bharuch, Gujarat
V&PO Alanwa, Dist. Nalanda (Bihar Shariff)
V&PO Chautala, Teh. Dabwali, Dist. Sirsa.
V&PO Jhanjharpur, Dist. Madhubani, Bihar.
V&PO Mullana, Dist. Ambala, Haryana.
V. & P.O. Bhatona, District Bulandshahar, Uttar Pradesh.
V. & P.O. Burhar, Distt. Shahdol
V. & P.O.landhran, Tehsil Kharar, Dsitrict Ropar
V. Kalpakalpa P.C. Kalpa, Gaya
V. Kishanpura, Tehsil Rajpura, Distt Patiala
V.& P.O. Bundala, Distt. Jullundhar
V.& PO Durgapura, Distt. Jaipur
V.P.O. Tohra, Distt. Patiala
V/PO. Libra, Tehsil Khanna, Distt. Ludhiana,
Vakil Colony, Neemda Gate, Bharatpur, Rajasthan
Vava Rawther Lane, Sithavan Kottai, Distt. Dindigul, Tamil Nadu
'Veda Nilayam', 36 Poes Garden, Madras
Vempalli, Cuddapah (District). A.P.
Vidhayakpuri, Flat No. 2, Jaipur
Vidya Bhavan, Udaipur
Vidya Niketan, Karunamoyee Housing Estate, Asansol, Distt. Burdwan, West Bengal -
Vijay Niwas, Hotel Road, Srinagar, Kashmir
Vijay Vihar Farm, Jashpur Nagar, Dist.- Jashpur
Vill & Post- Bhagora, Tehsil - Pharasbahar, Distt - Jashpur, Chhattisgarh
Vill Dhanaura, Post Siddhur, District, Barabanki
Vill. & P.O. Bhasma, Dist. Sundargarh, Orissa
Vill. & P.O. Bijuli, Distt. Darbhanga
Vill. & P.O. Chautala, Tehsil Dabwali, Distt. Sirsa
Vill. & P.O. Kakaur, Tehsil Bagpat, Block Chhaprauli, Distt. Meerut
Vill. & P.O. Manaklao, Distt. Jodhpur, Rajasthan.
Vill. & P.O. Nehalpur, PS: Basihat, Dist. North 24 Parganas, West Bengal
Vill. & P.O. Sanghi, Distt. Rohtak,
Vill. & P.O. Shasamipara via Marshagahi, Distt. Cuttack
Vill. & P.O. Ujhari, Distt. Moradabad, Uttar Pradesh
Vill. & PO: Kapan, District-samastipur, Bihar
Vill. & Post Tetawi, Distt. Muzaffarnagar, U.P.
Vill. and P.O. Sohna, Distt Basti
Vill. Ara Khurd, Post Ara kalan, Distt. Azamgarh
Vill. Baghi, P.O. Mubarakpur, Distt. Saran
Vill. Berna Govind Prasad, Bhubaneshwar, Distt. Puri
Vill. Dhaka Chainpur, P.O. Dhaka, Distt. East Champaran, Bihar
Vill. Gelwara, Post Jafarpur, Dist. Azamgarh (UP)
Vill. Hupad, P.O.- Morangi, Distt. Hazaribagh, Jharkhand
Vill. Jiveli, Tehsil. Gangapur City, Dist. Sawai Madhopur, Rajasthan.
Vill. Kainpur, P.O. Bhalda, Distt. Mayurbhanj
Vill. Kangdhar, Tehsil R.S. Pura, Distt. Jammu, Jammu and Kashmir
Vill. Lalbagh P.O. & District Murshidabad, West Bengal
Vill. Milan Sangha, P.O., A.D. Nagar, Agartala, Tripura.
Vill. Nawadi, P.O. Jermundi Dumka, Jharkhand
Vill. Paral (Pleta) Via Damtal, Tehsil- Indora, Distt. Kangra (H.P.)
Vill. Pawani Kalan, Post Pawani Kalan, Distt. Azamgarh (UP)
Vill. Piparpati, P.O. Piparpati, Tevari Distt. Gorakpur
Vill. Pipra, P.O. Dularpur, Distt. Bhojpur
Vill. Sanet, Bhai Randhir Singh Nagar, Ludhinana
Vill. Sapahi, Po. Jhitkahi, Distt. East Champaran, Bihar
Vill. Shankar, Zail Sarih, Thana Teh Nakodar, Distt. Jullandhar
Vill. Sheogarh Alias Surja-Khera, P.O. Narwana, Distt. Jind
Vill. Srirampur, P.O. Mangalpur, Dist.- Jajpur, Odisha.
Vill. Suraundha, P.O. Barki Basauli, Thana- Dumraon, Distt. Buxar, Bihar
Vill. Teen Gharia, P.S. No.291, Distt. Katihar, Bihar
Vill. Temawas,Gram Panchayat, Mewanagar,Tehsil:Pachpadra,Post Office: Jasol,Distt:Barmer,Rajasthan
Vill./P.O.-Ambgova, P.S.-Kutra, Distt.-Sundargarh, Odisha -
Vill.+Post - Jawaz, P.S.+Block - Mahnar, (Vaishali).
Vill: Gauramani, PO: Gangihat, Distt: Kishanganj, Bihar
Village - Badhu, Panchayat-Kokdaro, Distt.-Ranchi, Jharkhand.
Village – Jamuni, Post – Shohratgarh, Distt – Sidharth Nagar.
Village - Sonpur, Post-Banja, Tehsil-Surajpur, Distt-Surguja, Chhattisgarh.
Village & P.O. Bankra, Howrah
Village & P.O. Darba Kalan, Tehsil & Distt. Sirsa, Haryana
Village & P.O. Hisavada, Distt. Meerut
Village & P.O. Naranpur, Distt. Keonjhar, Orissa
Village & P.O. Sangh, Teh. & Distt. Rohtak
Village & P.O. Zamo, Sultanpur
Village & Post - Bhedabahal, Distt. Sundargarh
Village & Post - Sabua, Distt. Ghazipur, Uttar Pradesh.
Village & Post Arjun Pur, Distt. Lucknow, Uttar Pradesh
Village & Post Khairpur, New Canal Colony, Sirsa, Haryana
Village & Post Office Bagharaji, District Jabalpur, Madhya Pradesh
Village & Post Office Chautala, District Sirsa (Haryana)
Village & Post Office Harowal kalan, District Ludhiana
Village & Post Office Jhindwala, Via Muktsar, District Ferozepur, Punjab
Village & Post Office Kotwadham, District Barabanki
Village ambet, Tahsil Mhasla, District Kolaba
Village Ambilijhari, Ramachandrapur, P.O. Maharajpur, P.S. Choudwar, District Cuttack, Orrisa
Village and P.O. Nabhichi, Shahjanpur
Village and P.O.-Gagalheri, District Saharanpur, Uttar Pradesh.
Village and Post Office Bolangir, Distriat Bolangir, Orissa
Village and Post Office Imamganj, District Mau, Uttar Pradesh
Village and Post Office- Shantipuri, Block-2, Tehsil Kichha, Nainital
Village and Post Office, Kaithwadi, Meerut, Uttar Pradesh
Village Babejor, P.O. Tundla, via Kesinga, Distt: Kalahandi, odisha.
Village Balakuthi, P.O. Silghagri, Distt. Cooch Behar, W.B.
Village Balua Bazar, Post Balua Bazar, Zilla Saharsa
Village Barakhud, Tola Noriya Bigha Village Makshudpur, P.O. Makshudpur, Distt. Gaya
Village Bartad, Post Kharwar Via Karachelia Distt. Surat
Village Belmunda, PO: Tilukani, distt: Sundargarh, Orissa.
Village Bhicholi Hapshi, Post Bhicholi Mardana, Tehsil Indore, Distt. Indore ( M.P.)
Village Garhi Sampla, P.O. Sampla, District Rohtak, Haryana
Village Gorgama, Post Phulparas, Distt. Madhubani (Bihar)
Village Hakagui, Post Office Nandpur, District Singhbhoom
Village Jeora, Tehsil-Narayanganj, District Mandla.
Village Kalua Khaman, Post Office Rugudi, P.S. Jashipur, District Mayur Bhanj, Orissa.
Village Kiratpur, P.O. Rasiari, Distt. Darbhanga, Bihar
Village Kusumhi, P.O. Baraman Pur (Dorhi). Tah. Kerakat, P.S. Chandwak, Distt. Jaunpur (U.P.)
Village Lassana, Tehsil-Surankote, District-Poonch, Jammu and Kashmir
Village Madhuban, Tala-Bharatpur, P.O. Basantpur, Darbhanga
Village- Mohanari, PO. Chaunalia, Tehsil Bhikiasen, District. Almora, Uttarakhand
Village Nauput, P.O. Leypore, District Koraput, Orissa
Village Pandarak, Tola Dargahi, P.O. Ralli, Patna
Village Parbhuwala, Post Office Uklana Mandi, District Hissar, Punjab
Village Pawanichak, Zafrabad, P.O. Bankipur, Machriyawan, Distt. Patna
Village Ram Nagar, Pratapgarh
Village Selda, P.O. Murhi, Ranchi
Village Sheopur, P.O. Kesalth, Distt. Shahabad
Village Sheopuri, Police Station Srikrishnapuri, P.O.-GPO, Patna
Village Sheotar, P.O. Sheotar, P.S. Atri (Gaya)
Village Siryari, Post Office, Siryari, Tehsil, Kharchi, District, Pali, Rajasthan
Village Umgaon, P.O. Sathgaon, Dist. Darbhanga
Village- Usari, Post Gogari, Distt.-Khagaria (Bihar)
Village/P.O. Dalapada, District Phulbani
Village: Babutala, Banka Bihar
VILLAGE: BAGHMAR, PO: LAGRA, VIA PANDARIYA, DISTT: BILASPUR, CHATTISGARH
Village-Balani, P.O. lalthikata, Distt. Sundargarh, Orissa
Village-Kanana, Post-Kodihar, Block+Sub-Division- Raxaul, (East Champaran)
Villange Patahi Mahmadpur, Post Patahi District Muzaffarpur, Bihar
Vill-Khajpura, P.O. V.V. College, P.S. Gardanibagh (Nandanpur), Patna Nagar Nigam, Distt-Patna
Virur, Nellore District
Vishal Khand, 45-Gadariyan Purwa, Gomatinagar, Lucknow, U.P.
Viswema Village, Kohima District.
Vivekanand Marg, Halka No.5, Nai Sarak, Lashkar, Gwalior
Vokla Halia, Bhuj, Kucth
W.N. 22, P.O. Baripada, Dist-Mayurbhanj, At- Bijay Ramchandrapur
WALFORD COLONY, OPP: URBAN HUT DIMAPUR NAGALAND.
Wangkhoi Ayangpali Road, Imphal
Ward No. 1, Kishtwar Town
Ward No. 6, Bayana, District Bharatpur, Rajasthan
Ward No.2, Rewa,
Ward No.4, Head Post Office, P.S.-Brahampura, Muzaffarpur
Ward No.6, Garhshankar, Distt. Hoshiarpur, Punjab.
Ward No.6, Nehru Marg, Jhabua, Post Jhabua, M.P
Ward No.7, Balaghat (M.P.)
Ward No.-8, Madhepura Nagar Palika, PO + PS+Anchal+Sub-Division+Distt- Madhepura, Bihar
Ward-1, Hathsarganj, Hajipur (Vaishali), Bihar.
Windmere, Cuffee Parade, Mumbai
XVIII/104-B, Kilikkoodu, Thirunilath Road, Cochin University PO, Kochi-22, Kerala.
Yamini Parisar, Palampur, Distt. Kangra, Himachal Pradesh.
Yeragudi Dinne, Rudravaram Mandal, Karnool District
